appid,name,cc,currency,initial,final,discount_percent
1808500,ARC Raiders,US,,,,
1675200,Steam Deck,US,,,,
730,Counter-Strike 2,US,,,,
2592160,Dispatch,US,,,,
3606480,Call of Duty¬Æ: Black Ops 7,US,,,,
2807960,Battlefield‚Ñ¢ 6,US,,,,
3564740,Where Winds Meet,US,,,,
2767030,Marvel Rivals,US,,,,
3948510,ARC Raiders - Upgrade to Deluxe Edition,US,,,,
3274580,Anno 117: Pax Romana,US,,,,
3949040,RV There Yet?,US,,,,
230410,Warframe,US,,,,
3932890,Escape from Tarkov,US,,,,
1145350,Hades II,US,,,,
1669000,Age of Wonders 4,US,,,,
3450310,Europa Universalis V,US,,,,
216150,MapleStory,US,,,,
236390,War Thunder,US,,,,
381210,Dead by Daylight,US,,,,
3527290,PEAK,US,,,,
1903340,Clair Obscur: Expedition 33,US,,,,
3224770,Umamusume: Pretty Derby,US,,,,
1203620,Enshrouded,US,,,,
1086940,Baldur's Gate 3,US,,,,
1476970,IdleOn,US,,,,
1172470,Apex Legends‚Ñ¢,US,,,,
2141910,Magic: The Gathering Arena,US,,,,
1857950,VEIN,US,,,,
3028330,Battlefield‚Ñ¢ REDSEC,US,,,,
2399830,ARK: Survival Ascended,US,,,,
3917090,Assetto Corsa Rally,US,,,,
553850,HELLDIVERS‚Ñ¢ 2,US,,,,
3241660,R.E.P.O.,US,,,,
252490,Rust,US,,,,
1449110,The Outer Worlds 2,US,,,,
3240220,Grand Theft Auto V Enhanced,US,,,,
3472040,NBA 2K26,US,,,,
1984270,Digimon Story Time Stranger,US,,,,
3405690,EA SPORTS FC‚Ñ¢ 26,US,,,,
2300320,Farming Simulator 25,US,,,,
2799860,INAZUMA ELEVEN: Victory Road,US,,,,
3164500,Schedule I,US,,,,
2958130,Jurassic World Evolution 3,US,,,,
1245620,ELDEN RING,US,,,,
739630,Phasmophobia,US,,,,
1783560,The Last Caretaker,US,,,,
570,Dota 2,US,,,,
3880840,Season 1 Battlefield Pro - Battlefield‚Ñ¢ 6 and REDSEC,US,,,,
3873970,NASCAR 25,US,,,,
518790,theHunter: Call of the Wild‚Ñ¢,US,,,,
2968420,PowerWash Simulator 2,US,,,,
2062430,BALL x PIT,US,,,,
578080,PUBG: BATTLEGROUNDS,US,,,,
1085660,Destiny 2,US,,,,
377160,Fallout 4,US,,,,
3230400,EA SPORTS‚Ñ¢ Madden NFL 26,US,,,,
438100,VRChat,US,,,,
1091500,Cyberpunk 2077,US,,,,
1222670,The Sims‚Ñ¢ 4,US,,,,
1962663,Call of Duty¬Æ: Warzone‚Ñ¢,US,,,,
3167020,Escape From Duckov,US,,,,
39210,FINAL FANTASY XIV Online,US,,,,
1151340,Fallout 76,US,,,,
306130,The Elder Scrolls¬Æ Online,US,,,,
1158310,Crusader Kings III,US,,,,
1874880,Arma Reforger,US,,,,
703080,Planet Zoo,US,,,,
1295660,Sid Meier's Civilization VII,US,,,,
413150,Stardew Valley,US,,,,
3405340,Megabonk,US,,,,
1771300,Kingdom Come: Deliverance II,US,,,,
270880,American Truck Simulator,US,,,,
1284210,Guild Wars 2,US,,,,
3681810,Blue Protocol: Star Resonance,US,,,,
440,Team Fortress 2,US,,,,
2622380,ELDEN RING NIGHTREIGN,US,,,,
238960,Path of Exile,US,,,,
2073620,Arena Breakout: Infinite,US,,,,
1934680,Age of Mythology: Retold,US,,,,
1285190,Borderlands 4,US,,,,
2357570,Overwatch¬Æ 2,US,,,,
2870920,Restaurats,US,,,,
359550,Tom Clancy's Rainbow Six¬Æ Siege X,US,,,,
1623730,Palworld,US,,,,
311210,Call of Duty¬Æ: Black Ops III,US,,,,
1696780,Steam Deck Docking Station,US,,,,
1973530,Limbus Company,US,,,,
1144200,Ready or Not,US,,,,
582660,Black Desert,US,,,,
2201320,Date Everything!,US,,,,
284160,BeamNG.drive,US,,,,
2139460,Once Human,US,,,,
3933070,Lead the Way Pack - Battlefield‚Ñ¢ 6 and REDSEC,US,,,,
2119830,MISERY,US,,,,
2074920,The First Descendant,US,,,,
3513350,Wuthering Waves,US,,,,
2073850,THE FINALS,US,,,,
2352620,Fellowship,US,,,,
322170,Geometry Dash,US,,,,
489830,The Elder Scrolls V: Skyrim Special Edition,US,,,,
3314790,CloverPit,US,,,,
3215050,Surviving Mars: Relaunched,US,,,,
294100,RimWorld,US,,,,
2827200,MIMESIS,US,,,,
3364070,The Jackbox Party Pack 11,US,,,,
3008740,Winter Burrow,US,,,,
394360,Hearts of Iron IV,US,,,,
526870,Satisfactory,US,,,,
2747330,Species: Unknown,US,,,,
1030300,Hollow Knight: Silksong,US,,,,
1174180,Red Dead Redemption 2,US,,,,
756800,Contraband Police,US,,,,
2215430,Ghost of Tsushima DIRECTOR'S CUT,US,,,,
436780,Tavern Keeper üçª,US,,,,
2183900,"Warhammer 40,000: Space Marine 2",US,,,,
2879840,Escape Simulator 2,US,,,,
2429640,THRONE AND LIBERTY,US,,,,
2001120,Split Fiction,US,,,,
281990,Stellaris,US,,,,
3008130,Dying Light: The Beast,US,,,,
1904480,Absolum,US,,,,
2694490,Path of Exile 2,US,,,,
427520,Factorio,US,,,,
1326470,Sons Of The Forest,US,,,,
1401590,Disney Dreamlight Valley,US,,,,
2537590,Microsoft Flight Simulator 2024,US,,,,
2864560,Rune Factory: Guardians of Azuma,US,,,,
552990,World of Warships,US,,,,
266410,iRacing,US,,,,
2948190,World of Sea Battle,US,,,,
289070,Sid Meier‚Äôs Civilization¬Æ VI,US,,,,
976730,Halo: The Master Chief Collection,US,,,,
949230,Cities: Skylines II,US,,,,
1757300,Jump Space,US,,,,
632360,Risk of Rain 2,US,,,,
2373990,Solo Leveling: ARISE OVERDRIVE,US,,,,
108600,Project Zomboid,US,,,,
1361210,"Warhammer 40,000: Darktide",US,,,,
3920280,Dispatch - Digital Deluxe Edition Upgrade,US,,,,
1449850,Yu-Gi-Oh! Master Duel,US,,,,
1286830,STAR WARS‚Ñ¢: The Old Republic‚Ñ¢,US,,,,
2625420,Drive Beyond Horizons,US,,,,
1599340,Lost Ark,US,,,,
2508780,STORY OF SEASONS: Grand Bazaar,US,,,,
2787320,Revenge of the Savage Planet,US,,,,
2707930,Palia,US,,,,
2495100,Hello Kitty Island Adventure,US,,,,
286160,Tabletop Simulator,US,,,,
244210,Assetto Corsa,US,,,,
427410,Abiotic Factor,US,,,,
250900,The Binding of Isaac: Rebirth,US,,,,
2486820,Sonic Racing: CrossWorlds,US,,,,
1172620,Sea of Thieves: 2025 Edition,US,,,,
105600,Terraria,US,,,,
2138330,Cyberpunk 2077: Phantom Liberty,US,,,,
1004640,FINAL FANTASY TACTICS - The Ivalice Chronicles,US,,,,
799960,Wizard101,US,,,,
2246340,Monster Hunter Wilds,US,,,,
400750,Call to Arms - Gates of Hell: Ostfront,US,,,,
275850,No Man's Sky,US,,,,
3868650,Fallout 4 - Creations Bundle,US,,,,
648800,Raft,US,,,,
1943950,Escape the Backrooms,US,,,,
960090,Bloons TD 6,US,,,,
2651280,Marvel's Spider-Man 2,US,,,,
431960,Wallpaper Engine,US,,,,
521890,Hello Neighbor,US,,,,
2947440,SILENT HILL f,US,,,,
1551360,Forza Horizon 5,US,,,,
1324780,Easy Red 2,US,,,,
327030,Worms W.M.D,US,,,,
223750,DCS World Steam Edition,US,,,,
1142710,Total War: WARHAMMER III,US,,,,
3180070,"No, I'm not a Human",US,,,,
1966720,Lethal Company,US,,,,
892970,Valheim,US,,,,
367520,Hollow Knight,US,,,,
1059550,Valve Index¬Æ Controllers,US,,,,
1898300,ASKA,US,,,,
926990,WolfQuest: Anniversary Edition,US,,,,
993090,Lossless Scaling,US,,,,
1466860,Age of Empires IV: Anniversary Edition,US,,,,
1938090,Call of Duty¬Æ,US,,,,
1260320,Party Animals,US,,,,
1574900,Salt 2: Shores of Gold,US,,,,
544610,Battlestar Galactica Deadlock,US,,,,
2444750,Shape of Dreams,US,,,,
1392860,Little Nightmares III,US,,,,
1190970,House Flipper 2,US,,,,
1127500,Mini Motorways,US,,,,
221100,DayZ,US,,,,
2623190,The Elder Scrolls IV: Oblivion Remastered,US,,,,
1149460,ICARUS,US,,,,
3115220,Town to City,US,,,,
2661300,Grounded 2,US,,,,
1794680,Vampire Survivors,US,,,,
2322010,God of War Ragnar√∂k,US,,,,
1217060,Gunfire Reborn,US,,,,
1159690,Voidtrain,US,,,,
1289670,EA Play,US,,,,
3720100,ARK: Lost Colony Expansion Pass,US,,,,
1304930,The Outlast Trials,US,,,,
2414270,Sunderfolk,US,,,,
2370000,Lumines Arise,US,,,,
1671210,DELTARUNE,US,,,,
2670630,Supermarket Simulator,US,,,,
2379780,Balatro,US,,,,
1363080,Manor Lords,US,,,,
251570,7 Days to Die,US,,,,
2489330,Whiskerwood,US,,,,
1659040,HITMAN World of Assassination,US,,,,
3180150,Mall Simulator,US,,,,
4000,Garry's Mod,US,,,,
2186680,"Warhammer 40,000: Rogue Trader",US,,,,
3574360,Battlefield‚Ñ¢ 6 - Phantom Upgrade,US,,,,
553420,TUNIC,US,,,,
1059570,Valve Index¬Æ Base Station,US,,,,
1343400,RuneScape ¬Æ,US,,,,
1611600,WARNO,US,,,,
3764200,Resident Evil Requiem,US,,,,
594650,Hunt: Showdown 1896,US,,,,
632300,Hobo: Tough Life,US,,,,
2778580,ELDEN RING Shadow of the Erdtree,US,,,,
22380,Fallout: New Vegas,US,,,,
2358720,Black Myth: Wukong,US,,,,
532790,Vampire: The Masquerade¬Æ - Bloodlines‚Ñ¢ 2,US,,,,
1169040,Necesse,US,,,,
813780,Age of Empires II: Definitive Edition,US,,,,
3976890,Age of Wonders 4: Thrones of Blood,US,,,,
202970,Call of Duty¬Æ: Black Ops II,US,,,,
594570,Total War: WARHAMMER II,US,,,,
3981100,Leaf it Alone,US,,,,
645390,Factorio: Space Age,US,,,,
1426210,It Takes Two,US,,,,
304390,FOR HONOR‚Ñ¢,US,,,,
1716740,Starfield,US,,,,
2456740,inZOI,US,,,,
855740,Bum Simulator,US,,,,
3315530,Crusader Kings III: All Under Heaven,US,,,,
255710,Cities: Skylines,US,,,,
945360,Among Us,US,,,,
1466060,Tainted Grail: The Fall of Avalon,US,,,,
291550,Brawlhalla,US,,,,
1145360,Hades,US,,,,
245390,"I Have No Mouth, and I Must Scream",US,,,,
548430,Deep Rock Galactic,US,,,,
1290000,PowerWash Simulator,US,,,,
2385530,PGA TOUR 2K25,US,,,,
1604030,V Rising,US,,,,
916440,Anno 1800,US,,,,
2492040,FATAL FURY: City of the Wolves,US,,,,
3515610,ELDEN RING NIGHTREIGN The Forsaken Hollows,US,,,,
2881150,ARK: Bob's Tall Tales,US,,,,
1465360,SnowRunner,US,,,,
292030,The Witcher 3: Wild Hunt,US,,,,
3059520,F1¬Æ 25,US,,,,
2344520,Diablo¬Æ IV,US,,,,
620980,Beat Saber,US,,,,
3022790,RimWorld - Odyssey,US,,,,
2772990,Ghost Janitors,US,,,,
4119690,MISERY - Zaslavie Supporter Pack,US,,,,
1607250,MY HERO ULTRA RUMBLE,US,,,,
3181540,Age of Wonders 4: Archon Prophecy,US,,,,
550,Left 4 Dead 2,US,,,,
3293260,Waterpark Simulator,US,,,,
1229490,ULTRAKILL,US,,,,
2627260,NINJA GAIDEN 4,US,,,,
2141730,Backrooms: Escape Together,US,,,,
2417610,METAL GEAR SOLID Œî: SNAKE EATER,US,,,,
1172710,Dune: Awakening,US,,,,
2437170,SMITE 2,US,,,,
3181500,Age of Wonders 4: Giant Kings,US,,,,
1569580,Blue Prince,US,,,,
686810,Hell Let Loose,US,,,,
1407200,World of Tanks,US,,,,
850190,Goat Simulator 3,US,,,,
346110,ARK: Survival Evolved,US,,,,
3551340,Football Manager 26,US,,,,
2479650,SpongeBob SquarePants: Titans of the Tide,US,,,,
1313140,Cult of the Lamb,US,,,,
261550,Mount & Blade II: Bannerlord,US,,,,
1562430,DREDGE,US,,,,
3548580,Chill with You : Lo-Fi Story,US,,,,
374320,DARK SOULS‚Ñ¢ III,US,,,,
3489700,Stellar Blade‚Ñ¢,US,,,,
454650,DRAGON BALL XENOVERSE 2,US,,,,
3862670,Shelldiver,US,,,,
1969370,LEGO¬Æ Party!,US,,,,
1593500,God of War,US,,,,
2958970,The Thing: Remastered,US,,,,
2362060,CODE VEIN II,US,,,,
805550,Assetto Corsa Competizione,US,,,,
9900,Star Trek Online,US,,,,
3997750,Call of Duty Endowment (C.O.D.E.) Legacy: Tracer Pack,US,,,,
767560,War Robots,US,,,,
1426210,It Takes Two Friend's Pass,US,,,,
2893570,DRAGON QUEST I & II HD-2D Remake,US,,,,
2221490,Tom Clancy‚Äôs The Division¬Æ 2,US,,,,
3467710,Wall World 2,US,,,,
3159330,Assassin‚Äôs Creed Shadows,US,,,,
